{"cameraMode":{"drawMode":0,"name":"Shaded","section":"Shading Mode"},"sceneLighting":false,"audioPlay":false,"sceneViewState":{"showFog":true,"showMaterialUpdate":true,"showSkybox":true,"showFlares":true,"showImageEffects":true,"showParticleSystems":true},"in2DMode":false,"pivot":{"x":28.353137969970704,"y":-5.231614589691162,"z":2.684128522872925},"rotation":{"x":0.1589980572462082,"y":0.5926126837730408,"z":-0.12074563652276993,"w":0.780352771282196},"size":64.28657531738281,"orthographic":false}