{"cameraMode":{"drawMode":0,"name":"Shaded","section":"Shading Mode"},"sceneLighting":false,"audioPlay":false,"sceneViewState":{"showFog":true,"showMaterialUpdate":true,"showSkybox":true,"showFlares":true,"showImageEffects":true,"showParticleSystems":true},"in2DMode":false,"pivot":{"x":-1455.8507080078125,"y":-156.7867431640625,"z":2725.76123046875},"rotation":{"x":-0.39883145689964297,"y":0.17543275654315949,"z":-0.07802916318178177,"w":-0.8966985940933228},"size":1454.0118408203125,"orthographic":false}