{"cameraMode":{"drawMode":0,"name":"Shaded","section":"Shading Mode"},"sceneLighting":false,"audioPlay":false,"sceneViewState":{"showFog":true,"showMaterialUpdate":true,"showSkybox":true,"showFlares":true,"showImageEffects":true,"showParticleSystems":true},"in2DMode":false,"pivot":{"x":73.0,"y":78.5999984741211,"z":478.79998779296877},"rotation":{"x":-0.05749788135290146,"y":-0.9220689535140991,"z":0.35181477665901186,"w":-0.15069574117660523},"size":205.3605194091797,"orthographic":false}