{"cameraMode":{"drawMode":0,"name":"Shaded","section":"Shading Mode"},"sceneLighting":false,"audioPlay":false,"sceneViewState":{"showFog":true,"showMaterialUpdate":true,"showSkybox":true,"showFlares":true,"showImageEffects":true,"showParticleSystems":true},"in2DMode":false,"pivot":{"x":0.07705307006835938,"y":56.70009994506836,"z":0.04187774658203125},"rotation":{"x":0.4480273425579071,"y":-0.03752949833869934,"z":0.01882822997868061,"w":0.8930333256721497},"size":241.6243438720703,"orthographic":true}