{"cameraMode":{"drawMode":0,"name":"Shaded","section":"Shading Mode"},"sceneLighting":false,"audioPlay":false,"sceneViewState":{"showFog":true,"showMaterialUpdate":true,"showSkybox":true,"showFlares":true,"showImageEffects":true,"showParticleSystems":true},"in2DMode":false,"pivot":{"x":11.233333587646485,"y":-3.2377777099609377,"z":64.07899475097656},"rotation":{"x":-0.4289814233779907,"y":-0.11090146005153656,"z":0.05316117778420448,"w":-0.8949021100997925},"size":11.3193941116333,"orthographic":false}