{"cameraMode":{"drawMode":0,"name":"Shaded","section":"Shading Mode"},"sceneLighting":false,"audioPlay":false,"sceneViewState":{"showFog":true,"showMaterialUpdate":true,"showSkybox":true,"showFlares":true,"showImageEffects":true,"showParticleSystems":true},"in2DMode":false,"pivot":{"x":-2.4066667556762697,"y":2.6644444465637209,"z":60.69333267211914},"rotation":{"x":0.19636490941047669,"y":-0.313375860452652,"z":0.06640144437551499,"w":0.9267293214797974},"size":21.856531143188478,"orthographic":false}