{"cameraMode":{"drawMode":0,"name":"Shaded","section":"Shading Mode"},"sceneLighting":false,"audioPlay":false,"sceneViewState":{"showFog":true,"showMaterialUpdate":true,"showSkybox":true,"showFlares":true,"showImageEffects":true,"showParticleSystems":true},"in2DMode":false,"pivot":{"x":-341.45184326171877,"y":100.8978042602539,"z":1471.7464599609375},"rotation":{"x":-0.5545070767402649,"y":-0.05434097722172737,"z":0.03631643205881119,"w":-0.8296084403991699},"size":193.8731231689453,"orthographic":true}