{"cameraMode":{"drawMode":0,"name":"Shaded","section":"Shading Mode"},"sceneLighting":false,"audioPlay":false,"sceneViewState":{"showFog":true,"showMaterialUpdate":true,"showSkybox":true,"showFlares":true,"showImageEffects":true,"showParticleSystems":true},"in2DMode":false,"pivot":{"x":-1074.16259765625,"y":149.2095489501953,"z":2311.74169921875},"rotation":{"x":0.3374660015106201,"y":-0.09073632955551148,"z":0.03270097076892853,"w":0.9363836050033569},"size":274.5289611816406,"orthographic":false}