{"cameraMode":{"drawMode":0,"name":"Shaded","section":"Shading Mode"},"sceneLighting":false,"audioPlay":false,"sceneViewState":{"showFog":true,"showMaterialUpdate":true,"showSkybox":true,"showFlares":true,"showImageEffects":true,"showParticleSystems":true},"in2DMode":false,"pivot":{"x":0.00003525231295498088,"y":4.5088114738464359,"z":-10.265475273132325},"rotation":{"x":-0.674896776676178,"y":-0.07393541932106018,"z":0.0682583749294281,"w":-0.7310189604759216},"size":22.0,"orthographic":false}