{"cameraMode":{"drawMode":0,"name":"Shaded","section":"Shading Mode"},"sceneLighting":false,"audioPlay":false,"sceneViewState":{"showFog":true,"showMaterialUpdate":true,"showSkybox":true,"showFlares":true,"showImageEffects":true,"showParticleSystems":true},"in2DMode":false,"pivot":{"x":0.000007271766662597656,"y":0.10936093330383301,"z":-4.182581901550293},"rotation":{"x":0.2269410341978073,"y":-0.7263341546058655,"z":0.2821359634399414,"w":0.5842394828796387},"size":17.798553466796876,"orthographic":false}