{"cameraMode":{"drawMode":0,"name":"Shaded","section":"Shading Mode"},"sceneLighting":false,"audioPlay":false,"sceneViewState":{"showFog":true,"showMaterialUpdate":true,"showSkybox":true,"showFlares":true,"showImageEffects":true,"showParticleSystems":true},"in2DMode":false,"pivot":{"x":11.233333587646485,"y":-3.2377777099609377,"z":64.07899475097656},"rotation":{"x":-0.3582163155078888,"y":-0.07188230007886887,"z":0.027673961594700815,"w":-0.9304559230804443},"size":9.919146537780762,"orthographic":false}