{"cameraMode":{"drawMode":0,"name":"Shaded","section":"Shading Mode"},"sceneLighting":false,"audioPlay":false,"sceneViewState":{"showFog":true,"showMaterialUpdate":true,"showSkybox":true,"showFlares":true,"showImageEffects":true,"showParticleSystems":true},"in2DMode":false,"pivot":{"x":0.000014543533325195313,"y":0.21872176229953767,"z":-8.365163803100586},"rotation":{"x":0.12570393085479737,"y":-0.8545210957527161,"z":0.24341024458408357,"w":0.4412977695465088},"size":127.33848571777344,"orthographic":false}