{"cameraMode":{"drawMode":0,"name":"Shaded","section":"Shading Mode"},"sceneLighting":false,"audioPlay":false,"sceneViewState":{"showFog":true,"showMaterialUpdate":true,"showSkybox":true,"showFlares":true,"showImageEffects":true,"showParticleSystems":true},"in2DMode":false,"pivot":{"x":25.78876304626465,"y":29.257972717285158,"z":496.7171325683594},"rotation":{"x":0.6561992168426514,"y":0.13232044875621797,"z":-0.11839162558317185,"w":0.7334012389183044},"size":286.2891845703125,"orthographic":false}