{"cameraMode":{"drawMode":0,"name":"Shaded","section":"Shading Mode"},"sceneLighting":true,"audioPlay":false,"sceneViewState":{"showFog":true,"showMaterialUpdate":true,"showSkybox":true,"showFlares":true,"showImageEffects":true,"showParticleSystems":true},"in2DMode":false,"pivot":{"x":0.00003524065687088296,"y":4.5088114738464359,"z":-10.26144790649414},"rotation":{"x":0.3175964653491974,"y":0.4809638559818268,"z":-0.19232520461082459,"w":0.7942401170730591},"size":22.0,"orthographic":true}