{"cameraMode":{"drawMode":0,"name":"Shaded","section":"Shading Mode"},"sceneLighting":false,"audioPlay":false,"sceneViewState":{"showFog":true,"showMaterialUpdate":true,"showSkybox":true,"showFlares":true,"showImageEffects":true,"showParticleSystems":true},"in2DMode":false,"pivot":{"x":-275.83380126953127,"y":126.89027404785156,"z":1208.584228515625},"rotation":{"x":0.009811757132411003,"y":0.9421818852424622,"z":-0.3338119089603424,"w":0.027689345180988313},"size":1066.6820068359375,"orthographic":true}