{"cameraMode":{"drawMode":0,"name":"Shaded","section":"Shading Mode"},"sceneLighting":false,"audioPlay":false,"sceneViewState":{"showFog":true,"showMaterialUpdate":true,"showSkybox":true,"showFlares":true,"showImageEffects":true,"showParticleSystems":true},"in2DMode":false,"pivot":{"x":-588.6082153320313,"y":91.57001495361328,"z":1284.508544921875},"rotation":{"x":0.3887356221675873,"y":-0.6071630716323853,"z":0.4426896572113037,"w":0.5331637859344482},"size":110.02860260009766,"orthographic":false}