{"cameraMode":{"drawMode":0,"name":"Shaded","section":"Shading Mode"},"sceneLighting":false,"audioPlay":false,"sceneViewState":{"showFog":true,"showMaterialUpdate":true,"showSkybox":true,"showFlares":true,"showImageEffects":true,"showParticleSystems":true},"in2DMode":false,"pivot":{"x":4.834743499755859,"y":20.771583557128908,"z":3.1923418045043947},"rotation":{"x":0.09188637137413025,"y":-0.8753974437713623,"z":0.1838405430316925,"w":0.4375373423099518},"size":114.18608856201172,"orthographic":false}