{"cameraMode":{"drawMode":0,"name":"Shaded","section":"Shading Mode"},"sceneLighting":false,"audioPlay":false,"sceneViewState":{"showFog":true,"showMaterialUpdate":true,"showSkybox":true,"showFlares":true,"showImageEffects":true,"showParticleSystems":true},"in2DMode":false,"pivot":{"x":0.000014781951904296875,"y":16.46841049194336,"z":-9.707218170166016},"rotation":{"x":-0.1084066852927208,"y":0.8887370824813843,"z":-0.2749192416667938,"w":-0.3504481017589569},"size":20.575298309326173,"orthographic":false}