{"cameraMode":{"drawMode":0,"name":"Shaded","section":"Shading Mode"},"sceneLighting":false,"audioPlay":false,"sceneViewState":{"showFog":true,"showMaterialUpdate":true,"showSkybox":true,"showFlares":true,"showImageEffects":true,"showParticleSystems":true},"in2DMode":false,"pivot":{"x":3431.2353515625,"y":292.24658203125,"z":574.858154296875},"rotation":{"x":0.5613582134246826,"y":-0.2787589430809021,"z":0.2084173858165741,"w":0.7508212327957153},"size":951.8298950195313,"orthographic":false}