{"cameraMode":{"drawMode":0,"name":"Shaded","section":"Shading Mode"},"sceneLighting":false,"audioPlay":false,"sceneViewState":{"showFog":true,"showMaterialUpdate":true,"showSkybox":true,"showFlares":true,"showImageEffects":true,"showParticleSystems":true},"in2DMode":false,"pivot":{"x":5.79998779296875,"y":-63.47998046875,"z":-9.600006103515625},"rotation":{"x":-0.28632667660713198,"y":-0.007186146918684244,"z":0.0021474093664437534,"w":-0.9581027626991272},"size":2487.495849609375,"orthographic":false}